Section,English,Kurdish,Arabic,Where
"app/admin","Active","چالاک","نشط","app/admin/users/user-list.tsx"
"app/admin","All Orders","هەمی داخوازی","كل الطلبات","app/admin/admin-sidebar.tsx"
"app/admin","Button label (optional)","لەیبلێ دوکمێ(ئیختیاری)","نص الزر (اختياري)","app/admin/banners/banner-manager.tsx"
"app/admin","Button link (optional)","لینکێ دوکمێ(ئیختیاری)","رابط الزر (اختياري)","app/admin/banners/banner-manager.tsx"
"app/admin","Categories","پۆلینکرن","الفئات","app/admin/admin-sidebar.tsx"
"app/admin","Commission","حەقێ فرۆتنێ","العمولة","app/admin/shops/shop-list.tsx"
"app/admin","Customer","کڕیار","عميل","app/admin/users/user-list.tsx | app/signup/page.tsx"
"app/admin","Customers","بکڕ","العملاء","app/admin/users/user-list.tsx"
"app/admin","Delete banner","بانەری ژێببە","حذف البانر","app/admin/banners/banner-manager.tsx"
"app/admin","Delete zone","ناوچێ ژێببە","حذف المنطقة","app/admin/zones/zone-manager.tsx"
"app/admin","Delivery fee (IQD)","باجا گەهاندنێ","رسوم التوصيل (دينار عراقي)","app/admin/zones/zone-manager.tsx"
"app/admin","Delivery Zones","ناوچێت گەهاندنێ","مناطق التوصيل","app/admin/admin-sidebar.tsx"
"app/admin","Driver","شۆفێر","سائق","app/admin/users/user-list.tsx | app/signup/page.tsx"
"app/admin","Driver Cash","پارێت شوفێری","نقدية السائقين","app/admin/admin-sidebar.tsx"
"app/admin","Drivers","هەمی شوفێر","السائقون","app/admin/users/user-list.tsx"
"app/admin","e.g. Dairy","بەرهەمێن شیری","مثلاً: ألبان","app/admin/categories/category-manager.tsx"
"app/admin","e.g. Eid offers are here","ئوفەرێت جەژنێ یێل ڤێرێ","مثلاً: عروض العيد وصلت","app/admin/banners/banner-manager.tsx"
"app/admin","e.g. Sersing, Qubahan","","مثلاً: سرسنك، قوباهان","app/admin/zones/zone-manager.tsx | app/components/address-form.tsx"
"app/admin","Free delivery over (IQD) — leave blank for none","گەهاندن بەلاش ب (د.ع) - بهێلە خالی بو چ نە ","توصيل مجاني فوق (دينار عراقي) — اتركه فارغاً للإلغاء","app/admin/zones/zone-manager.tsx"
"app/admin","Hidden","ڤەشارتی","مخفي","app/admin/zones/zone-manager.tsx"
"app/admin","Live","راستەوخو","مفعّل","app/admin/banners/banner-manager.tsx"
"app/admin","Market Owner","خودانێ بازاری","صاحب متجر","app/admin/users/user-list.tsx | app/signup/page.tsx"
"app/admin","Market Owners","خودانێت بازارا","أصحاب المتاجر","app/admin/users/user-list.tsx"
"app/admin","Message (optional)","نامە (هەلبژراتی)","رسالة (اختياري)","app/admin/banners/banner-manager.tsx"
"app/admin","Minimum order (IQD)","کێمترین داخوازی","الحد الأدنى للطلب (دينار عراقي)","app/admin/zones/zone-manager.tsx"
"app/admin","Overview","پێداچون","نظرة عامة","app/admin/admin-sidebar.tsx"
"app/admin","Payouts","پارەدان","المدفوعات","app/admin/admin-sidebar.tsx"
"app/admin","Pending approval","ل بەندا قەبوولکرنێ","بانتظار الموافقة","app/admin/users/user-list.tsx"
"app/admin","Promo Banner","پرۆمۆ یا ریکلامێ","بانر ترويجي","app/admin/admin-sidebar.tsx"
"app/admin","Shop the offer","ئوفەری بکڕە","تسوّق العرض","app/admin/banners/banner-manager.tsx"
"app/admin","Shops","دکان","المتاجر","app/admin/admin-sidebar.tsx | app/components/mobile-nav.tsx | app/orders/[id]/page.tsx"
"app/admin","Short line shown under the title","هێلا کورت لبن ناڤی","سطر قصير يظهر تحت العنوان","app/admin/banners/banner-manager.tsx"
"app/admin","Show until","ناڤا نیشابدە","يظهر حتى","app/admin/banners/banner-manager.tsx"
"app/admin","Super Admin","سوپەر ئەدمین","المسؤول العام","app/admin/users/user-list.tsx"
"app/admin","Suspended","ڕاگڕە","موقوف","app/admin/users/user-list.tsx"
"app/admin","Title","ناڤ","العنوان","app/admin/banners/banner-manager.tsx"
"app/admin","Total Orders","هەمی داخوازی","إجمالي الطلبات","app/admin/page.tsx"
"app/admin","Total Products","هەمی بەرهەم","إجمالي المنتجات","app/admin/page.tsx"
"app/admin","Total Shops","هەمی دکان","إجمالي المتاجر","app/admin/page.tsx"
"app/admin","Total Users","هەمی بکارهێنەر","إجمالي المستخدمين","app/admin/page.tsx"
"app/admin","Users","بکار‌‌هێنەرێت مە","المستخدمون","app/admin/admin-sidebar.tsx"
"app/admin","Zone name","ناڤێ ناوچێ","اسم المنطقة","app/admin/zones/zone-manager.tsx"
"app/cart","0 && subtotal","0 && کۆ یا گشتی","SKIP","app/cart/page.tsx | lib/bazaar/coupon-actions.ts"
"app/cart","Cart","سەلک","السلة","app/cart/page.tsx | app/components/mobile-nav.tsx"
"app/cart","e.g. Ring the bell","زەنگێ لێدە ","مثلاً: اضغط الجرس","app/cart/page.tsx"
"app/cart","Please choose or add a delivery address.","هیڤیە جهێ گەهاندنێ ژێبگرە یان زێدە بکە","يرجى اختيار عنوان التوصيل أو إضافة عنوان جديد.","app/cart/page.tsx"
"app/cart","Total","کۆیا گشتی","المجموع","app/cart/page.tsx | app/orders/[id]/page.tsx"
"app/components","(optional)","ئیختیاری","(اختياري)","app/components/address-form.tsx"
"app/components","6-digit code","کودێ 6 ژمارەیی","رمز مكون من 6 أرقام","app/components/phone-login.tsx"
"app/components","All categories","هەمی پۆلین","كل الفئات","app/components/category-filter.tsx"
"app/components","Browse","لێگەریان ","تصفح","app/components/mobile-nav.tsx"
"app/components","Close","بگرە","إغلاق","app/components/promo-banner.tsx | app/shop/(dashboard)/products/bulk-import.tsx"
"app/components","Could not get your location. Drop the pin manually.","نەشێین جهێ تە دەستنیشآن بکەین، ب دەست خالێ بدانە","تعذّر تحديد موقعك. حرّك الدبوس يدوياً.","app/components/location-picker.tsx"
"app/components","Coupon code","کودێ داشکاندنێ","رمز الكوبون","app/components/coupon-input.tsx"
"app/components","Delete address","ناڤ و نیشانا ژێببە","حذف العنوان","app/components/address-manager.tsx"
"app/components","Deliveries","گەهاندن ","التوصيلات","app/components/driver-nav.tsx"
"app/components","Earnings","بدەست خوڤە ئیناین","الأرباح","app/components/driver-nav.tsx | app/shop/sidebar.tsx"
"app/components","Enter a valid phone number.","ژمارەکا راستەقینە یا موبایلێ داخل بکە","أدخل رقم هاتف صحيح.","app/components/phone-login.tsx"
"app/components","Enter the code you received.","ئەو کودێ بوتە هاتی داخل بکە","أدخل الرمز الذي وصلك.","app/components/phone-login.tsx"
"app/components","Favorites","بژارتی لدەف من ","المفضلة","app/components/mobile-nav.tsx | app/favorites/page.tsx"
"app/components","Has map pin","خالا نەخشەی یا هەی","يحتوي دبوس على الخريطة","app/components/address-manager.tsx"
"app/components","House, street, nearest landmark","مال، جادە، نزیکترین خال بو من","المنزل، الشارع، أقرب معلم","app/components/address-form.tsx"
"app/components","Loading...","بارکرن...","جاري التحميل...","app/components/notification-bell.tsx | app/signup/page.tsx"
"app/components","Loading…","بارکرن...","جاري التحميل…","app/components/order-chat.tsx"
"app/components","Location is not available on this device.","جهـ نە یێ بەردەستە دانڤ ڤی ئامیرەی دا","خدمة الموقع غير متاحة على هذا الجهاز.","app/components/location-picker.tsx"
"app/components","Map could not load. You can still type your address below.","خشتە ناڤەبیت، ‌هێشتا توو دشێی ناڤ و نیشانێت خو بنڤیسی","تعذّر تحميل الخريطة. يمكنك كتابة عنوانك أدناه.","app/components/location-picker.tsx"
"app/components","My Cart","سەلکا من ","سلتي","app/components/customer-nav.tsx"
"app/components","My Orders","داخوازیێت من ","طلباتي","app/components/customer-nav.tsx"
"app/components","My Profile","پرۆفایلێ من ","حسابي","app/components/customer-nav.tsx"
"app/components","Orders","داخوازی","الطلبات","app/components/mobile-nav.tsx | app/shop/(dashboard)/analytics/analytics-dashboard.tsx | app/shop/sidebar.tsx"
"app/components","Please describe the address (house, street, landmark).","هیڤیە ناڤ و نیشانا وەسف بکە (مال، جادە، خالا تو لێ..)","يرجى وصف العنوان (المنزل، الشارع، معلم).","app/components/address-form.tsx"
"app/components","Please enter your name.","هیڤیە ناڤێ خو داخل بکە","يرجى إدخال اسمك.","app/components/phone-login.tsx"
"app/components","Please select a rating.","هیڤیە رێزبەندیێ ب ژێبگرە","يرجى اختيار تقييم.","app/components/review-section.tsx"
"app/components","Profile","پرۆفایل","الحساب","app/components/driver-nav.tsx | app/components/mobile-nav.tsx | app/profile/page.tsx"
"app/components","Saved Items","تشتێ تومارکری","المحفوظات","app/components/customer-nav.tsx"
"app/components","Search products across all shops...","ل بەرهەمەکێ بگەرە د ناڤ هەمی دکانان دا ","ابحث في منتجات كل المتاجر...","app/components/search-bar.tsx"
"app/components","Tell others about your experience...","خیبرەیا خو بو کەسێن دی بێژە ","شارك الآخرين تجربتك...","app/components/review-section.tsx"
"app/components","Type a message…","نامەکێ بنڤیسە","اكتب رسالة…","app/components/order-chat.tsx"
"app/components","Your full name","ناڤێ خو یێ تەمام بنڤیسە","اسمك الكامل","app/components/phone-login.tsx | app/signup/page.tsx"
"app/driver","🎟️ Coupons & adjustments","کوئوپن و رێکخستن","🎟️ الكوبونات والتعديلات","app/driver/earnings/page.tsx"
"app/driver","🛵 Delivery fees (office/driver)","باجا گەهاندنێ","🛵 رسوم التوصيل (المكتب/السائق)","app/driver/earnings/page.tsx"
"app/driver","Items","کەل و پەل","الأصناف","app/driver/driver-orders.tsx"
"app/layout.tsx","bazaar.","SKIP","SKIP","app/layout.tsx"
"app/layout.tsx","bazaar. — Shop Every Market in Amedi","بازار - ژ هەر مارکێتەکا ئامێدیێ تشتا بکڕە","bazaar. — تسوّق من كل سوق في العمادية","app/layout.tsx"
"app/login","you@email.com","SKIP","SKIP","app/login/page.tsx"
"app/login","Your password","پاسووردێ تە","كلمة المرور","app/login/page.tsx"
"app/orders","Cancelled","هەلوەشاندن","ملغى","app/orders/order-list.tsx | app/shop/(dashboard)/orders/shop-order-list.tsx"
"app/orders","Delivered","هاتە گەهاندن","تم التوصيل","app/orders/[id]/page.tsx | app/orders/order-list.tsx | app/shop/(dashboard)/orders/shop-order-list.tsx"
"app/orders","Delivery","گەهاندن","التوصيل","app/orders/[id]/page.tsx"
"app/orders","Delivery address","ناڤ و نیشانێت گەهاندنێ","عنوان التوصيل","app/orders/[id]/page.tsx"
"app/orders","Delivery time","دەمێ گەهاندنێ","وقت التوصيل","app/orders/[id]/page.tsx"
"app/orders","Driver picking up","شوفێر یێ دهەلگریت","السائق يقوم بالاستلام","app/orders/[id]/page.tsx"
"app/orders","Note","تێبینی","ملاحظة","app/orders/[id]/page.tsx"
"app/orders","On the way","ب رێڤە دهێت","في الطريق","app/orders/[id]/page.tsx | app/orders/order-list.tsx"
"app/orders","Order placed","داخوازی هاتە کرن","تم إرسال الطلب","app/orders/[id]/page.tsx"
"app/orders","Payment","پارەدان","الدفع","app/orders/[id]/page.tsx"
"app/orders","Pending","چاڤەرێبوون","قيد الانتظار","app/orders/order-list.tsx | app/shop/(dashboard)/earnings/earnings-panel.tsx"
"app/orders","Picking up","وەرگرتن","جاري الاستلام","app/orders/order-list.tsx"
"app/orders","Preparing","ئامادەکرن","قيد التحضير","app/orders/order-list.tsx | app/shop/(dashboard)/orders/shop-order-list.tsx"
"app/orders","Ready — awaiting driver","ئامادەیە - ل هیڤیا شوفێری","جاهز — بانتظار السائق","app/orders/order-list.tsx"
"app/orders","Ready — waiting for driver","ئامادەیە - ل هیڤیا شوفێرەکی","جاهز — بانتظار السائق","app/orders/[id]/page.tsx"
"app/orders","Shop is preparing","دکان یا ئامادە دکەت","المتجر يحضّر الطلب","app/orders/[id]/page.tsx"
"app/orders","Subtotal","کویێ گشتی","المجموع الفرعي","app/orders/[id]/page.tsx"
"app/page.tsx","+ Added to cart"," بکە د سەلکێ دا +","+ أُضيف للسلة","app/page.tsx"
"app/page.tsx","Ahmad&apos;s Grocery","","بقالة أحمد","app/page.tsx"
"app/page.tsx","Avg. delivery","تێکرایا گەهاندنێ","متوسط وقت التوصيل","app/page.tsx"
"app/page.tsx","Browse all shops","هەموو فرۆشگاکان بگەڕێ","تصفح جميع المتاجر","app/page.tsx"
"app/page.tsx","Cart — 2 shops, 5 items","سەلک -- ٢ دکان، ٥ کەل و پەل","السلة — متجران، 5 منتجات","app/page.tsx"
"app/page.tsx","Delivery fee: IQD 2,500","باجا گەهاندنێ : ٢،٥٠٠ د.ع.","رسوم التوصيل: 2,500 دينار","app/page.tsx"
"app/page.tsx","Drive","هاژوتن","SKIP","app/page.tsx"
"app/page.tsx","Driver Karwan — 4 min away","","السائق كاروان — 4 دقائق","app/page.tsx"
"app/page.tsx","Driver: Karwan M.","","السائق: كاروان م.","app/page.tsx"
"app/page.tsx","Flash Sale","فرۆتنێت دەم کورت","عرض سريع","app/page.tsx"
"app/page.tsx","Flash Sales — Live Now","فرۆتنێت دەم کورت - راستەوخو","عروض سريعة — الآن","app/page.tsx"
"app/page.tsx","IQD 47,500","SKIP","SKIP","app/page.tsx"
"app/page.tsx","Lamb Chops · IQD 18,000","","ريش خروف · 18,000 دينار","app/page.tsx"
"app/page.tsx","List your market","مارکێت یان دکانا خو زێدە بکە","أدرج متجرك","app/page.tsx"
"app/page.tsx","Local shops","دکانێت خومالی","متاجر محلية","app/page.tsx"
"app/page.tsx","One cart, many shops","ئێک سەلک، و چەندین فروشگەهـ","سلة واحدة، متاجر عديدة","app/page.tsx"
"app/page.tsx","One delivery trip","گەهاندن ب ئێک گەشت","رحلة توصيل واحدة","app/page.tsx"
"app/page.tsx","One driver, one trip","ئێک شوفێر، ئێک گەهاندن","سائق واحد، رحلة واحدة","app/page.tsx"
"app/page.tsx","Open until 9pm","ڤەکریە هەتا ٩:٠٠ شەڤ","مفتوح حتى 9 مساءً","app/page.tsx"
"app/page.tsx","Products listed","بەرهەم هاتنە زێدەکرن","المنتجات المدرجة","app/page.tsx"
"app/page.tsx","Shop","دکان","المتجر","app/page.tsx | app/shop/(dashboard)/page.tsx"
"app/page.tsx","Soran&apos;s Butcher","","لحّام سوران","app/page.tsx"
"app/page.tsx","Toggle menu","دوکما مینیویێ","فتح القائمة","app/page.tsx"
"app/profile","e.g. Ashkawt, Darband","","مثلاً: أشكفت، دربند","app/profile/profile-form.tsx"
"app/profile","Member since","ئەندامە ژ","عضو منذ","app/profile/page.tsx"
"app/profile","Role","رۆل","الدور","app/profile/page.tsx"
"app/s","Shop not found — bazaar.","دکان نە هاتە دیتن -- بازار","المتجر غير موجود — bazaar.","app/s/[slug]/layout.tsx"
"app/shop",", item: Record","SKIP","SKIP","app/shop/(dashboard)/orders/page.tsx"
"app/shop","; items: Record","SKIP","SKIP","app/shop/(dashboard)/orders/page.tsx"
"app/shop","!s.is_active || new Date(s.ends_at)","SKIP","SKIP","app/shop/(dashboard)/flash-sales/flash-sale-manager.tsx"
"app/shop","…or paste CSV rows here","","…أو الصق صفوف CSV هنا","app/shop/(dashboard)/products/bulk-import.tsx"
"app/shop","(required), then optional","","(إلزامي)، ثم اختياري","app/shop/(dashboard)/products/bulk-import.tsx"
"app/shop","0 = no minimum","","0 = بدون حد أدنى","app/shop/(dashboard)/coupons/coupon-manager.tsx"
"app/shop","Add a photo","وێنەکی زێدە بکە","إضافة صورة","app/shop/(dashboard)/products/product-list.tsx"
"app/shop","Add at least one product before continuing.","ب كێمی بەرهەمەکی زێدە بکە دا تەمام بکەی","أضف منتجاً واحداً على الأقل قبل المتابعة.","app/shop/onboarding/onboarding-wizard.tsx"
"app/shop","Add product","بەرهەمی زێدەبکە","إضافة منتج","app/shop/(dashboard)/page.tsx"
"app/shop","Add products","بەرهەمان زێدەبکە","إضافة منتجات","app/shop/onboarding/onboarding-wizard.tsx"
"app/shop","Add to your catalog","کەتەلۆگا خو زێدەبکە","أضف إلى قائمة منتجاتك","app/shop/(dashboard)/page.tsx"
"app/shop","Address","ناڤ و نیشان","العنوان","app/shop/(dashboard)/settings/settings-form.tsx | app/shop/onboarding/onboarding-wizard.tsx"
"app/shop","All options","هەمی ئۆپشن","كل الخيارات","app/shop/(dashboard)/flash-sales/flash-sale-manager.tsx"
"app/shop","Amount in IQD","بڕ(رێژە)  د.ع.","المبلغ بالدينار","app/shop/(dashboard)/earnings/earnings-panel.tsx"
"app/shop","Analytics","شلوڤەکاری","التحليلات","app/shop/sidebar.tsx"
"app/shop","Available to withdraw","ئامادەیە بو كێشانێ","متاح للسحب","app/shop/(dashboard)/earnings/earnings-panel.tsx"
"app/shop","Bag","چەنتە","كيس","app/shop/onboarding/onboarding-wizard.tsx"
"app/shop","Bottle","دولک","زجاجة","app/shop/(dashboard)/products/add-product-form.tsx | app/shop/onboarding/onboarding-wizard.tsx"
"app/shop","Box","بوکس","صندوق","app/shop/onboarding/onboarding-wizard.tsx"
"app/shop","Brief description...","شروڤەکا کورت","وصف مختصر...","app/shop/onboarding/onboarding-wizard.tsx"
"app/shop","Bundle","پاکێت","حزمة","app/shop/(dashboard)/products/add-product-form.tsx | app/shop/onboarding/onboarding-wizard.tsx"
"app/shop","Can","","علبة","app/shop/onboarding/onboarding-wizard.tsx"
"app/shop","Category","کەتەگوری","الفئة","app/shop/(dashboard)/products/add-product-form.tsx | app/shop/onboarding/onboarding-wizard.tsx"
"app/shop","Change","گوهرین","تغيير","app/shop/(dashboard)/settings/settings-form.tsx"
"app/shop","Click to change image","کلیک بکە دا وێنیەی ب گوهری","اضغط لتغيير الصورة","app/shop/(dashboard)/products/product-list.tsx"
"app/shop","Coupons","کوئۆپن ","الكوبونات","app/shop/sidebar.tsx"
"app/shop","Cover photo","وێنێ کەڤەری","صورة الغلاف","app/shop/(dashboard)/settings/settings-form.tsx"
"app/shop","Create a timed deal","دروستکرنا پێشنیارا ب دەم","أنشئ عرضاً محدود الوقت","app/shop/(dashboard)/page.tsx"
"app/shop","Dashboard","داشبۆرد","لوحة التحكم","app/shop/sidebar.tsx"
"app/shop","Delivered & Past","گەهاندی & کەڤن","المسلّمة والسابقة","app/shop/(dashboard)/orders/shop-order-list.tsx"
"app/shop","Description","وەسف ","الوصف","app/shop/onboarding/onboarding-wizard.tsx"
"app/shop","Description (optional)","وەسف(ئیختیاری)","الوصف (اختياري)","app/shop/(dashboard)/products/add-product-form.tsx | app/shop/(dashboard)/settings/settings-form.tsx | app/shop/onboarding/onboarding-wizard.tsx"
"app/shop","Dozen","دەرزن","دزينة","app/shop/(dashboard)/products/add-product-form.tsx | app/shop/onboarding/onboarding-wizard.tsx"
"app/shop","Driver coming","شوفێر یێ دهێت","السائق قادم","app/shop/(dashboard)/orders/shop-order-list.tsx"
"app/shop","e.g. Ahmad's Grocery","","مثلاً: بقالة أحمد","app/shop/(dashboard)/settings/settings-form.tsx | app/shop/onboarding/onboarding-wizard.tsx | app/signup/page.tsx"
"app/shop","e.g. AMEDI10","","مثلاً: AMEDI10","app/shop/(dashboard)/coupons/coupon-manager.tsx"
"app/shop","e.g. Fresh tomatoes","","مثلاً: طماطم طازجة","app/shop/onboarding/onboarding-wizard.tsx"
"app/shop","e.g. Fresh Tomatoes","","مثلاً: طماطم طازجة","app/shop/(dashboard)/products/add-product-form.tsx"
"app/shop","e.g. Sulava, Qadishaye","","مثلاً: سولافا، قاديشاي","app/shop/(dashboard)/settings/settings-form.tsx | app/shop/onboarding/onboarding-wizard.tsx"
"app/shop","Enter an amount.","برێ داخل بکە.","أدخل مبلغاً.","app/shop/(dashboard)/earnings/earnings-panel.tsx"
"app/shop","Fixed amount (IQD)","بڕا رێکخستی (د.ع.)","مبلغ ثابت (دينار)","app/shop/(dashboard)/coupons/coupon-manager.tsx"
"app/shop","Flash sale","ئوفەرێ کاتی","عرض سريع","app/shop/(dashboard)/page.tsx"
"app/shop","Flash Sales","ئوفەرێن کاتی","عروض سريعة","app/shop/sidebar.tsx"
"app/shop","Go live","راستەوخە هەرە","انطلق","app/shop/onboarding/onboarding-wizard.tsx"
"app/shop","Gram (g)","گرام (غ)","غرام (غ)","app/shop/onboarding/onboarding-wizard.tsx"
"app/shop","Gross sales","مەبلەغی گشتی یە فرۆتنێ","إجمالي المبيعات","app/shop/(dashboard)/earnings/earnings-panel.tsx"
"app/shop","Items sold","بەرهەم هاتە فروتن","الأصناف المُباعة","app/shop/(dashboard)/analytics/analytics-dashboard.tsx"
"app/shop","Kilogram (kg)","کیلوگرام (ک.غ.)","كيلوغرام (كغ)","app/shop/onboarding/onboarding-wizard.tsx"
"app/shop","Leave empty for unlimited","بهێلە ڤالا بوو ژمارەکا بێی دوماهیک","اتركه فارغاً بدون حد","app/shop/(dashboard)/coupons/coupon-manager.tsx"
"app/shop","Liter","لیتر","لتر","app/shop/(dashboard)/products/add-product-form.tsx"
"app/shop","Liter (L)","لیتر (ل.)","لتر (ل)","app/shop/onboarding/onboarding-wizard.tsx"
"app/shop","Logo","لوگو","الشعار","app/shop/(dashboard)/settings/settings-form.tsx"
"app/shop","Milliliter (ml)","میلی لیتر(مل.)","ملليلتر (مل)","app/shop/onboarding/onboarding-wizard.tsx"
"app/shop","name_en, price","SKIP","SKIP","app/shop/(dashboard)/products/bulk-import.tsx"
"app/shop","name_ku, name_ar, unit, stock_qty, category, description","SKIP","SKIP","app/shop/(dashboard)/products/bulk-import.tsx"
"app/shop","Near Amedi bazaar, main street","","قرب سوق العمادية، الشارع الرئيسي","app/shop/(dashboard)/settings/settings-form.tsx | app/shop/onboarding/onboarding-wizard.tsx | app/signup/page.tsx"
"app/shop","Neighborhood","گەرەک","الحي","app/shop/(dashboard)/settings/settings-form.tsx | app/shop/onboarding/onboarding-wizard.tsx | app/signup/page.tsx"
"app/shop","Net earnings","قازانجێ سافی","صافي الأرباح","app/shop/(dashboard)/earnings/earnings-panel.tsx"
"app/shop","New order","ئوردەرەکێ نوی","طلب جديد","app/shop/(dashboard)/orders/shop-order-list.tsx"
"app/shop","New Received","نوی گەهشتی","الواصلة حديثاً","app/shop/(dashboard)/orders/shop-order-list.tsx"
"app/shop","No payout requests yet.","هێشتا تشتەک ژ داخوازیێن دەرئێخستنا پارەی نینە","لا توجد طلبات سحب بعد.","app/shop/(dashboard)/earnings/earnings-panel.tsx"
"app/shop","None","چ نینە","لا شيء","app/shop/(dashboard)/products/add-product-form.tsx"
"app/shop","Out for delivery","دەرکەفت ژ بو گەهاندنێ","خرج للتوصيل","app/shop/(dashboard)/orders/shop-order-list.tsx"
"app/shop","Pack","پاکێت","عبوة","app/shop/(dashboard)/products/add-product-form.tsx | app/shop/onboarding/onboarding-wizard.tsx"
"app/shop","Paid","پارە داین","مدفوع","app/shop/(dashboard)/earnings/earnings-panel.tsx"
"app/shop","Percentage (%)","رێژا سەدی (٪)","نسبة مئوية (٪)","app/shop/(dashboard)/coupons/coupon-manager.tsx"
"app/shop","Phone","موبایل","الهاتف","app/shop/onboarding/onboarding-wizard.tsx"
"app/shop","Phone number","ژمارا مۆبایلێ","رقم الهاتف","app/shop/(dashboard)/settings/settings-form.tsx | app/signup/page.tsx"
"app/shop","Piece","پارچە","قطعة","app/shop/(dashboard)/products/add-product-form.tsx | app/shop/onboarding/onboarding-wizard.tsx"
"app/shop","Preparing & Ready","دهێتە حازرکرن & حازرە","قيد التحضير وجاهز","app/shop/(dashboard)/orders/shop-order-list.tsx"
"app/shop","Preview","هاتە پێشاندان ","معاينة","app/shop/(dashboard)/products/add-product-form.tsx | app/shop/onboarding/onboarding-wizard.tsx"
"app/shop","Price (IQD)","نرخ (د.ع.)","السعر (دينار عراقي)","app/shop/onboarding/onboarding-wizard.tsx"
"app/shop","Product name","ناڤێ بەرهەمی","اسم المنتج","app/shop/(dashboard)/products/add-product-form.tsx | app/shop/onboarding/onboarding-wizard.tsx"
"app/shop","Product preview","پێشاندانا بەرهەمی","معاينة المنتج","app/shop/onboarding/onboarding-wizard.tsx"
"app/shop","Products","هەمی بەرهەم","المنتجات","app/shop/(dashboard)/page.tsx | app/shop/sidebar.tsx"
"app/shop","Quantity in stock","رێژا مای ل کوگەهێ","الكمية المتوفرة","app/shop/onboarding/onboarding-wizard.tsx"
"app/shop","Rating","نرخاندن ","التقييم","app/shop/(dashboard)/analytics/analytics-dashboard.tsx"
"app/shop","Ready","ئامادەیە","جاهز","app/shop/(dashboard)/orders/shop-order-list.tsx"
"app/shop","Rejected","ڕەدکرن","مرفوض","app/shop/(dashboard)/earnings/earnings-panel.tsx"
"app/shop","Remove photo","وێنەی ژێببە","إزالة الصورة","app/shop/(dashboard)/products/product-list.tsx"
"app/shop","Revenue","داهات","الإيرادات","app/shop/(dashboard)/analytics/analytics-dashboard.tsx"
"app/shop","Select category...","کەتەگوریێ ژێبگرە","اختر الفئة...","app/shop/(dashboard)/settings/settings-form.tsx | app/shop/onboarding/onboarding-wizard.tsx"
"app/shop","Select product...","بەرهەمی ژێبگرە","اختر المنتج...","app/shop/(dashboard)/flash-sales/flash-sale-manager.tsx"
"app/shop","Select zone...","ناوچێ ژێبگرە","اختر المنطقة...","app/shop/(dashboard)/settings/settings-form.tsx | app/shop/onboarding/onboarding-wizard.tsx"
"app/shop","Select...","ژێبگرە","اختر...","app/shop/onboarding/onboarding-wizard.tsx | app/signup/page.tsx"
"app/shop","Settings","ڕێکخستن","الإعدادات","app/shop/sidebar.tsx"
"app/shop","Shop details","زانیاریێن دکانێ","تفاصيل المتجر","app/shop/onboarding/onboarding-wizard.tsx"
"app/shop","Shop details completed","زانیاریێن دکانێ تەمام بوون","اكتملت تفاصيل المتجر","app/shop/onboarding/onboarding-wizard.tsx"
"app/shop","Shop name","ناڤێ دکانێ","اسم المتجر","app/shop/(dashboard)/settings/settings-form.tsx | app/shop/onboarding/onboarding-wizard.tsx"
"app/shop","Short description","وەسفا دکانێ","وصف مختصر","app/shop/(dashboard)/products/add-product-form.tsx"
"app/shop","Status","بارو دوخ","الحالة","app/shop/(dashboard)/page.tsx"
"app/shop","Stock quantity (optional)","رێژا د کوگەهێڤە (ئیختیاری)","الكمية المتوفرة (اختياري)","app/shop/(dashboard)/products/add-product-form.tsx"
"app/shop","Tell customers about your shop","بێژە بکڕی دەربارەی دکانا خو","حدّث الزبائن عن متجرك","app/shop/(dashboard)/settings/settings-form.tsx"
"app/shop","Tell customers what you sell — fresh produce, spices, household goods...","بێژە بکڕی دەربارەی کا تو ج دفروشی.","حدّث الزبائن بما تبيعه — خضار طازجة، بهارات، مستلزمات منزلية...","app/shop/onboarding/onboarding-wizard.tsx"
"app/shop","Unit","یەکە","الوحدة","app/shop/onboarding/onboarding-wizard.tsx"
"app/shop","Uploading…","باردکەت....","جاري الرفع…","app/shop/(dashboard)/products/add-product-form.tsx | app/shop/(dashboard)/settings/settings-form.tsx | app/shop/onboarding/onboarding-wizard.tsx"
"app/signup","Amedi Center","سەنتەرێ ئامێدیێ","مركز العمادية","app/signup/page.tsx"
"app/signup","At least 8 characters","ب کێمی 8 پیت بن","8 أحرف على الأقل","app/signup/page.tsx"
"app/signup","Availability","پەیدابوون","التوفر","app/signup/page.tsx"
"app/signup","Bakery & Bread","نانپێژی & نان","مخبز وخبز","app/signup/page.tsx"
"app/signup","Barzan","بارزان","برزان","app/signup/page.tsx"
"app/signup","Bicycle","پایسکل","دراجة هوائية","app/signup/page.tsx"
"app/signup","Butcher & Meat","گوشت فروش & گوشت","لحوم وقصابة","app/signup/page.tsx"
"app/signup","Dairy & Cheese","بەرهەمێن شیری & پەنیر","ألبان وأجبان","app/signup/page.tsx"
"app/signup","Delivery Zone","ناوچا گەهاندنێ","منطقة التوصيل","app/signup/page.tsx"
"app/signup","Email","ئیمەیل","البريد الإلكتروني","app/signup/page.tsx"
"app/signup","Flexible / weekends only","ب تنێ دوماهیا هەفتیێ ","مرن / عطلات نهاية الأسبوع فقط","app/signup/page.tsx"
"app/signup","Fresh Produce & Vegetables","نوی بەرهەمهاتی & کەسکاتی","خضروات وفواكه","app/signup/page.tsx"
"app/signup","Full name","ناڤێ تەمام","الاسم الكامل","app/signup/page.tsx"
"app/signup","Full-time (6+ hours/day)","هەمی کاتی (٦+ کاتژمێر/روژ)","دوام كامل (6+ ساعات/يوم)","app/signup/page.tsx"
"app/signup","Grocery & Essentials","پێدڤیێن روژانە و خوارن","بقالة ومستلزمات","app/signup/page.tsx"
"app/signup","Household & Cleaning","مالبات & پاقژی","مستلزمات منزلية وتنظيف","app/signup/page.tsx"
"app/signup","Motorcycle","ماتور","دراجة نارية","app/signup/page.tsx"
"app/signup","National ID number","ژمارا رەگەزنامێ ","رقم الهوية الوطنية","app/signup/page.tsx"
"app/signup","On foot","","سيراً على الأقدام","app/signup/page.tsx"
"app/signup","Other","یێن دی","أخرى","app/signup/page.tsx"
"app/signup","Part-time (3–5 hours/day)","بەشەک ژ وەختی (٣-٥ کاتژمێر/روژ)","دوام جزئي (3–5 ساعات/يوم)","app/signup/page.tsx"
"app/signup","Password","وشا نهێنی","كلمة المرور","app/signup/page.tsx"
"app/signup","Sarsink","","سرسنك","app/signup/page.tsx"
"app/signup","Shop / Market name","ناڤێ دکان / مارکێت","اسم المتجر / السوق","app/signup/page.tsx"
"app/signup","Shop category","پۆلینا دکانێ","فئة المتجر","app/signup/page.tsx"
"app/signup","Shop location / address","جهێ دکانێ / ناڤ و نیشان","موقع / عنوان المتجر","app/signup/page.tsx"
"app/signup","Spices & Dry Goods","هار & تشتێ هشک کری","بهارات ومواد جافة","app/signup/page.tsx"
"app/signup","Sulav","","سولاف","app/signup/page.tsx"
"app/signup","Vehicle type","جورێ مەرکەبێ","نوع المركبة","app/signup/page.tsx"
"app/signup","you@example.com","SKIP","SKIP","app/signup/page.tsx"
"app/signup","Your national ID","ژمارا رەگەزنامێ","رقم هويتك الوطنية","app/signup/page.tsx"
"lib/bazaar",", profileError) } if (bazaarRole ===","SKIP","SKIP","lib/bazaar/auth.ts"
"lib/bazaar","📦 Order ready for pickup","داخوازی هاتە هەلگرتن","📦 الطلب جاهز للاستلام","lib/bazaar/order-actions.ts"
"lib/bazaar","Account not yet approved.","هژمارا تە ل هیڤیا قەبوولکرنێ یە","الحساب لم تتم الموافقة عليه بعد.","lib/bazaar/order-actions.ts"
"lib/bazaar","Add at least one pricing option.","ب کێمی ئێک بها داخل بکە","أضف خيار تسعير واحد على الأقل.","lib/bazaar/shop-actions.ts"
"lib/bazaar","Address description is required.","وەسفا ناڤ و نیشانا د پێتڤی نە","وصف العنوان مطلوب.","lib/bazaar/address-actions.ts"
"lib/bazaar","All fields are required, including email.","هەمی بەش د داخوازکرینە دگەل ئیمەیل ژی","جميع الحقول مطلوبة، بما فيها البريد الإلكتروني.","lib/bazaar/auth.ts"
"lib/bazaar","All fields are required.","هەمی بەش د داخوازکرینە","جميع الحقول مطلوبة.","lib/bazaar/flash-sale-actions.ts"
"lib/bazaar","Cart is empty.","سەلکە یا خالی یە.","السلة فارغة.","lib/bazaar/order-actions.ts"
"lib/bazaar","Code must be at least 3 characters.","دڤێت کود ب کێمی ٣ پیت یان ژمارە بیت","يجب أن يتكوّن الرمز من 3 أحرف على الأقل.","lib/bazaar/coupon-actions.ts"
"lib/bazaar","Could not create account.","نەشێین هژمارێ دروست بکەین","تعذّر إنشاء الحساب.","lib/bazaar/auth.ts"
"lib/bazaar","Could not load earnings.","نەشێین ب دەستڤەهاتی نیشان بدەین","تعذّر تحميل الأرباح.","lib/bazaar/payout-actions.ts"
"lib/bazaar","Create your shop first.","ئێکەم دکانا خو دروست بکە","أنشئ متجرك أولاً.","lib/bazaar/shop-actions.ts"
"lib/bazaar","CSV must include at least","","يجب أن يحتوي ملف CSV على الأقل","lib/bazaar/shop-actions.ts"
"lib/bazaar","CSV needs a header row and at least one product row.","","يحتاج ملف CSV إلى صف عناوين وصف منتج واحد على الأقل.","lib/bazaar/shop-actions.ts"
"lib/bazaar","Delivery address is required.","ناڤ و نیشانێن گەهاندنێ د پێتڤی نە","عنوان التوصيل مطلوب.","lib/bazaar/order-actions.ts"
"lib/bazaar","Discount value must be positive.","قەبارێ داشکاندنێ دڤێت پوسەتیڤ بیتن","يجب أن تكون قيمة الخصم موجبة.","lib/bazaar/coupon-actions.ts"
"lib/bazaar","Each option needs a price.","هەر هەلبژارتنەکێ بهایەک دڤێت","كل خيار يحتاج إلى سعر.","lib/bazaar/shop-actions.ts"
"lib/bazaar","English name is required.","ناڤ ب ئنگلیزی داخواز کریە","الاسم بالإنجليزية مطلوب.","lib/bazaar/admin-actions.ts"
"lib/bazaar","Enter an amount to withdraw.","وی بڕی داخل بکە یێ تە دڤێت رابکێشی","أدخل مبلغاً للسحب.","lib/bazaar/payout-actions.ts"
"lib/bazaar","Image must be under 5MB.","دڤێت وێنە کێمتر بیتن ژ 5MB","يجب أن تكون الصورة أقل من 5 ميغابايت.","lib/bazaar/image-upload.ts"
"lib/bazaar","Invalid email or password.","ئێک ژ ئیمەیل یان وشا نهێنی خەلەتە.","بريد إلكتروني أو كلمة مرور غير صحيحة.","lib/bazaar/auth.ts"
"lib/bazaar","Invalid or expired coupon code.","کودێ داشکاندنێ بسەرڤەچوویە یان خەلەتە.","رمز الكوبون غير صحيح أو منتهي الصلاحية.","lib/bazaar/coupon-actions.ts"
"lib/bazaar","Max percentage discount is 50%.","بلندترین داشکاندن (٥٠٪) یە.","الحد الأقصى للخصم النسبي هو 50٪.","lib/bazaar/coupon-actions.ts"
"lib/bazaar","Message is empty.","نامە یا ڤالا یە","الرسالة فارغة.","lib/bazaar/chat-actions.ts"
"lib/bazaar","Message is too long.","نامە گەلەکا درێژە","الرسالة طويلة جداً.","lib/bazaar/chat-actions.ts"
"lib/bazaar","Name and fee are required.","ناڤ و خەرجی د پێتڤی نە","الاسم والرسوم مطلوبان.","lib/bazaar/zone-actions.ts"
"lib/bazaar","Name and phone are required.","ناڤ و ژمارا موبایلێ د پێتڤی نە","الاسم والهاتف مطلوبان.","lib/bazaar/profile-actions.ts"
"lib/bazaar","New order received","داخوازیەکا نوی هات","تم استلام طلب جديد","lib/bazaar/order-actions.ts"
"lib/bazaar","No file selected","چ فایل د دەستنیشانکری نینن","لم يتم اختيار ملف","lib/bazaar/image-upload.ts"
"lib/bazaar","No shop found","چ دکان نە دیتن","لم يتم العثور على متجر","lib/bazaar/coupon-actions.ts | lib/bazaar/flash-sale-actions.ts | lib/bazaar/onboarding-actions.ts | lib/bazaar/order-actions.ts"
"lib/bazaar","Not authenticated","نە باوەرپێکری یە","غير مصرّح","lib/bazaar/onboarding-actions.ts | lib/bazaar/profile-actions.ts | lib/bazaar/push-notifications.ts"
"lib/bazaar","Not authenticated. Please verify your phone again.","نە باوەرپێکری یە، هیڤیە ژمارا موبایلێ پشت راست بکە","غير مصرّح. يرجى التحقق من هاتفك مرة أخرى.","lib/bazaar/phone-auth-actions.ts"
"lib/bazaar","Only customers can place orders.","بەس بکڕ دشێت داخوازیا ب دانیت","العملاء فقط يمكنهم إرسال الطلبات.","lib/bazaar/order-actions.ts"
"lib/bazaar","Only drivers can accept orders.","بەس شوفێر دشێت داخوازیا وەربگریت","السائقون فقط يمكنهم قبول الطلبات.","lib/bazaar/order-actions.ts"
"lib/bazaar","Only drivers can pick up.","بەەس شوفێر دشێت هەلبگریت","السائقون فقط يمكنهم الاستلام.","lib/bazaar/order-actions.ts"
"lib/bazaar","Only image files are allowed.","ب تنێ وێنە د رێک پێداینە","يُسمح بملفات الصور فقط.","lib/bazaar/image-upload.ts"
"lib/bazaar","Order can only be cancelled before the shop accepts it.","داخوازی د‌هێنە هەلوەشاندن ب تنێ ل وی دەمێ کو بەری دکان وەربگریت!","لا يمكن إلغاء الطلب إلا قبل قبوله من المتجر.","lib/bazaar/order-actions.ts"
"lib/bazaar","Order is already delivered or cancelled.","داخوازی یا هاتییە گەهاندن یان هەلوەشاندن","الطلب قد تم توصيله أو إلغاؤه بالفعل.","lib/bazaar/order-actions.ts"
"lib/bazaar","Order not found","داخوازی نەهاتە دیتن","الطلب غير موجود","lib/bazaar/order-actions.ts"
"lib/bazaar","Order not found for your shop","داخوزی نەهاتە دیتن ژبو دکانا تە","الطلب غير موجود لمتجرك","lib/bazaar/order-actions.ts"
"lib/bazaar","Order not found for your shop.","داخوزی نەهاتە دیتن ژبو دکانا تە","الطلب غير موجود لمتجرك.","lib/bazaar/order-actions.ts"
"lib/bazaar","Order not found.","داخوازی نەهاتە دیتن","الطلب غير موجود.","lib/bazaar/order-actions.ts"
"lib/bazaar","Password must be at least 8 characters.","وشا نهێنی دڤێت ب کێمی ٨ پیت بیتن","يجب أن تتكوّن كلمة المرور من 8 أحرف على الأقل.","lib/bazaar/auth.ts"
"lib/bazaar","Pick up items from every shop before marking this order as delivered.","کەل و پەلا ژ هەر دکانەکێ راکە بەری داخوزی بهێتە نیشانکرن کو یا گەهشتی ","استلم الأصناف من جميع المتاجر قبل تحديد الطلب كمُسلَّم.","lib/bazaar/order-actions.ts"
"lib/bazaar","Pickup is only available for single-shop orders.","هەلگرتن ب تنێ ژبو داخوزیێت دکانەکا ب تنێ یە","الاستلام الذاتي متاح فقط للطلبات من متجر واحد.","lib/bazaar/order-actions.ts"
"lib/bazaar","Please enter a coupon code.","هیڤیە کودێ داشکاندنا کاتی داخل","يرجى إدخال رمز كوبون.","lib/bazaar/coupon-actions.ts"
"lib/bazaar","Please select a rating between 1 and 5.","هیڤیە رێزبەندیێ بو ژێبگرە ژ ١ تا ٥","يرجى اختيار تقييم بين 1 و 5.","lib/bazaar/review-actions.ts"
"lib/bazaar","Please sign in to follow shops.","هیڤیە بچیە ناڤ هژمارا خو بو follow کرنا دکانا","يرجى تسجيل الدخول لمتابعة المتاجر.","lib/bazaar/follower-actions.ts"
"lib/bazaar","Please sign in to leave a review.","هیڤیە بچیە ناڤ هژمارا خو بو دانانا پێداچوونێ","يرجى تسجيل الدخول لإضافة تقييم.","lib/bazaar/review-actions.ts"
"lib/bazaar","Please sign in to place an order.","هیڤیە بچیە ناڤ هژمارا خو بو دانا داخوزییێ","يرجى تسجيل الدخول لإرسال طلب.","lib/bazaar/order-actions.ts"
"lib/bazaar","Please sign in.","هیڤیە بچیە ناڤ هژمارا خو.","يرجى تسجيل الدخول.","lib/bazaar/address-actions.ts | lib/bazaar/chat-actions.ts"
"lib/bazaar","Product name is required.","ناڤێ بەرهەمی یێ پێدڤی یە","اسم المنتج مطلوب.","lib/bazaar/shop-actions.ts"
"lib/bazaar","Product not found in your shop.","بەرهەم نەهاتە دیتن دناڤ دکانا تەدا.","المنتج غير موجود في متجرك.","lib/bazaar/flash-sale-actions.ts"
"lib/bazaar","Rate must be 0–100.","رێژە دڤێت ژ ١ - ١٠٠ بیت","يجب أن تكون النسبة بين 0 و 100.","lib/bazaar/payout-actions.ts"
"lib/bazaar","This coupon code already exists.","کوئوپن کۆد پێشتر یێ هەی","رمز الكوبون هذا موجود مسبقاً.","lib/bazaar/coupon-actions.ts"
"lib/bazaar","This coupon has expired.","کوئوپن کۆد یێ بسەرڤە چووی.","انتهت صلاحية هذا الكوبون.","lib/bazaar/coupon-actions.ts"
"lib/bazaar","This coupon has reached its usage limit.","کوئوپن کۆد گەهشتە سنوورێ بکارئینانێ","بلغ هذا الكوبون الحد الأقصى للاستخدام.","lib/bazaar/coupon-actions.ts"
"lib/bazaar","This order is not ready for pickup yet — a shop is still preparing.","ئەڤ داخوزییە نایە ئامادەیە بو هەلگرتنێ - دکان یا ئامادە دکەت","هذا الطلب غير جاهز للاستلام بعد — أحد المتاجر لا يزال يحضّر.","lib/bazaar/order-actions.ts"
"lib/bazaar","This order was already claimed by another driver.","ئەڤ داخوزییە پێستر هاتیە هەلگرتن ژ لایێ شوفێرەکێ دیڤە.","هذا الطلب تم استلامه بواسطة سائق آخر.","lib/bazaar/order-actions.ts"
"lib/bazaar","Title and end date are required.","تایتل(ناڤ) و بەروار د پێتڤی نە.","العنوان وتاريخ الانتهاء مطلوبان.","lib/bazaar/banner-actions.ts"
"lib/bazaar","Unauthorized","بیێ مولەتی!!","غير مصرّح","lib/bazaar/banner-actions.ts | lib/bazaar/cash-actions.ts | lib/bazaar/coupon-actions.ts | lib/bazaar/flash-sale-actions.ts | lib/bazaar/image-upload.ts | lib/bazaar/order-actions.ts | lib/bazaar/payout-actions.ts | lib/bazaar/shop-actions.ts | lib/bazaar/zone-actions.ts"
"lib/bazaar","You are not the driver for this order.","تو نە شوفێری بۆ ڤێ داخوازیێ","لست السائق المخصّص لهذا الطلب.","lib/bazaar/order-actions.ts"
"lib/bazaar","Your driver account is not yet approved.","هێشتا هژمارا تەیا شوفێریێ نە هاتیە قەبوول کرن.","حسابك كسائق لم تتم الموافقة عليه بعد.","lib/bazaar/order-actions.ts"
"lib/bazaar","Your shop is approved!","دکانا تە هاتە قەبوول کرن ؟","تمت الموافقة على متجرك!","lib/bazaar/admin-actions.ts"
"lib/i18n","A local driver picks up from each shop and delivers everything to your door in one trip.","شۆفێرەکی ناڤخۆیی ژ هەر فرۆشگەهەکێ دێ وەرگریت و هەمی تشتا ب ئێک گەشت گەهینتە بەردەرگەهێ تە!!","سائق محلي يستلم من كل متجر ويوصل كل شيء لبابك في رحلة واحدة.","lib/bazaar/i18n.ts"
"lib/i18n","Accept delivery","گەهاندنێ قەبیل بکە ","قبول التوصيل","lib/bazaar/i18n.ts"
"lib/i18n","Active deliveries","گەهاندنێت چالاک","توصيلات نشطة","lib/bazaar/i18n.ts"
"lib/i18n","Add items from multiple shops into one order. Kurdish honey from Ahmad, meat from Soran, vegetables from Dara — all in one cart.","بەرهەم لە چەندین فرۆشگاوە زیاد بکە بۆ یەک داواکاری. هەنگوینی کوردی لە ئەحمەد، گۆشت لە سۆران، سەوزە لە دارا — هەموو لە یەک سەبەتەدا.","أضف منتجات من متاجر متعددة في طلب واحد. عسل كردي من أحمد، لحم من سوران، خضار من دارا — الكل في سلة واحدة.","lib/bazaar/i18n.ts"
"lib/i18n","All","هەمی","الكل","lib/bazaar/i18n.ts"
"lib/i18n","Already have an account?","هەژمار هەیە؟","لديك حساب بالفعل؟","lib/bazaar/i18n.ts"
"lib/i18n","Available orders","داواکاریە بەردەستەکان","طلبات متاحة","lib/bazaar/i18n.ts"
"lib/i18n","Browse. Order. Delivered.","لێبگەڕە، داخوازبکە، هاتە گەهاندن","تصفح. اطلب. توصيل.","lib/bazaar/i18n.ts"
"lib/i18n","Cancel","هەلوەشاندن","إلغاء","lib/bazaar/i18n.ts"
"lib/i18n","Compare prices across local shops, catch flash sales, and get everything delivered in one trip — from multiple stores, one driver.","نرخەکان بەراورد بکە، ئۆفەرەکان بگرە، و هەموو شت بە یەک گەشت وەربگرە — لە چەندین فرۆشگا، یەک شۆفێر.","قارن الأسعار بين المتاجر المحلية، اغتنم العروض السريعة، واحصل على كل شيء بتوصيلة واحدة — من متاجر متعددة، سائق واحد.","lib/bazaar/i18n.ts"
"lib/i18n","Compare prices across shops and find the best deals.","نرخان بەراورد بکە و باشترین ئۆفەر ببینە","قارن الأسعار بين المتاجر وجد أفضل العروض.","lib/bazaar/i18n.ts"
"lib/i18n","Confirmed","هاتە پشتراستکرن","مؤكد","lib/bazaar/i18n.ts"
"lib/i18n","Create account","هەژمارێ دروست بکە","إنشاء حساب","lib/bazaar/i18n.ts"
"lib/i18n","Delete","ژێبرن","حذف","lib/bazaar/i18n.ts"
"lib/i18n","Delivering","گەهاندن","جاري التوصيل","lib/bazaar/i18n.ts"
"lib/i18n","Delivery fee","کرێیا گەهاندنێ","رسوم التوصيل","lib/bazaar/i18n.ts"
"lib/i18n","Driver Dashboard","داشبۆردێ شوفێری","لوحة السائق","lib/bazaar/i18n.ts"
"lib/i18n","List your shop","فروشگەها خو تومار بکە","أدرج متجرك","lib/bazaar/i18n.ts"
"lib/i18n","Markets are still setting up. Check back soon.","هێشتا بازار یێ ئامادە دبن، دەمەکێ دی سەرەدانێ بکە","الأسواق لا تزال تستعد. تحقق لاحقاً.","lib/bazaar/i18n.ts"
"lib/i18n","No orders yet","هێشتا داواکاری نینە","لا توجد طلبات بعد","lib/bazaar/i18n.ts"
"lib/i18n","No products yet","هێشتا بەرهەم نینە","لا توجد منتجات بعد","lib/bazaar/i18n.ts"
"lib/i18n","Note (optional)","تێبینی (ئیختیاری)","ملاحظة (اختياري)","lib/bazaar/i18n.ts"
"lib/i18n","Now in Amedi","نوکە ل ئامێدیێ","الآن في العمادية","lib/bazaar/i18n.ts"
"lib/i18n","One driver delivers all","ئێک شوفێر دێ هەمیان گەهینیت","سائق واحد يوصل الكل","lib/bazaar/i18n.ts"
"lib/i18n","Phone or email","مۆبایل یان ئیمەیڵ","الهاتف أو البريد","lib/bazaar/i18n.ts"
"lib/i18n","Place order","داخواز بکە","أرسل الطلب","lib/bazaar/i18n.ts"
"lib/i18n","Save","پاشکەفت","حفظ","lib/bazaar/i18n.ts"
"lib/i18n","See every product from every market in Amedi. Filter by category, compare prices across shops side by side.","هەموو بەرهەمەکان لە هەموو بازاڕێکی ئامێدی ببینە. بە پۆل فلتەر بکە، نرخەکان لای یەکتر بەراورد بکە.","شاهد كل منتج من كل سوق في العمادية. فلتر حسب الفئة، قارن الأسعار جنباً إلى جنب.","lib/bazaar/i18n.ts"
"lib/i18n","Shop from every market in Amedi.","ژ هەر بازارەکێ ئامێدیێ بکڕە","تسوق من كل سوق في العمادية.","lib/bazaar/i18n.ts"
"lib/i18n","Sign in","چوونا ژور","دخول","lib/bazaar/i18n.ts"
"lib/i18n","Sign out","دەرچوون","تسجيل الخروج","lib/bazaar/i18n.ts"
"lib/i18n","Sign up","تۆمارکرن","إنشاء حساب","lib/bazaar/i18n.ts"
"lib/i18n","Something went wrong","خەلەتییەک رویدا","حدث خطأ ما","lib/bazaar/i18n.ts"
"lib/i18n","Start shopping","دەست ب کڕینێ بکە","ابدأ التسوق","lib/bazaar/i18n.ts"
"lib/i18n","Your Cart","سەلکە","سلتك","lib/bazaar/i18n.ts"
"lib/i18n","Your cart is empty","سەلکە یا ڤالا یە","سلتك فارغة","lib/bazaar/i18n.ts"
"lib/i18n","Your Orders","داخوازیێت تە","طلباتك","lib/bazaar/i18n.ts"
